,No,year,month,day,hour,PM2.5,PM10,SO2,NO2,CO,O3,TEMP,PRES,DEWP,RAIN,WSPM
No,1.0,0.9695331206860206,0.043180511101884006,0.017764419147995168,0.0006838682873092035,-0.024671221782502726,-0.08041551922995654,-0.2481284987666186,-0.08780404356713109,0.06160069507766856,0.05220474964546063,-0.10778979534803396,0.23694121246730288,-0.13323980213916775,0.002220306550453172,0.09580623120340763
year,0.9695331206860206,1.0,-0.20200993446300572,-0.005569082450402966,1.1644819641639942e-15,-0.030611601154746503,-0.07300619180548512,-0.18367190451100124,-0.11518547317076551,0.0478212054186365,0.0749667337717256,-0.13722936292963656,0.23262604619910432,-0.19732311108435563,-0.0010318420830605908,0.13369337800015774
month,0.043180511101884006,-0.20200993446300572,1.0,0.010522322386160951,4.724769582272071e-16,0.025505480234091278,-0.02727695132334921,-0.2492766039949397,0.11864755188981072,0.05292037087421339,-0.09647833544492247,0.13037663668413624,-0.005658107457888909,0.2732361206503742,0.013497465354292684,-0.16132583104532552
day,0.017764419147995168,-0.005569082450402966,0.010522322386160951,1.0,-4.4895550579302076e-17,0.007920239250845038,0.03219054669959207,-0.018844584472354205,0.015714366370922456,-0.020578312517029552,0.003657189214477381,0.014323408373919964,0.02253691580414414,0.023425417638824605,-0.002490741163679966,-0.016706509752990546
hour,0.0006838682873092035,1.1644819641639942e-15,4.724769582272071e-16,-4.4895550579302076e-17,1.0,-0.010388049055055,0.02242147143781291,0.002885550877735318,-0.04345288687931551,-0.04707695690797707,0.2981610384775731,0.14115825225350775,-0.03761112671938978,-0.013428946762901366,0.011531117359848016,0.15551502905837272
PM2.5,-0.024671221782502726,-0.030611601154746503,0.025505480234091278,0.007920239250845038,-0.010388049055055,1.0,0.8791042340567334,0.4810248596456966,0.6849855170938765,0.7850062363792475,-0.16144752560800119,-0.12941529626164097,-0.0057270967278044635,0.12011151055065457,-0.014003923096780543,-0.278739596211302
PM10,-0.08041551922995654,-0.07300619180548512,-0.02727695132334921,0.03219054669959207,0.02242147143781291,0.8791042340567334,1.0,0.46904495983575195,0.6523246021746044,0.6804040309275513,-0.13991433613222495,-0.11114683012807165,-0.035593878432669215,0.061666835522758645,-0.02779470926951907,-0.18313227912734442
SO2,-0.2481284987666186,-0.18367190451100124,-0.2492766039949397,-0.018844584472354205,0.002885550877735318,0.4810248596456966,0.46904495983575195,1.0,0.4320805911405682,0.5402749001434087,-0.20019291306093068,-0.35060803924002376,0.2039210653655372,-0.2825645223394125,-0.04160876236197903,-0.11311472605036554
NO2,-0.08780404356713109,-0.11518547317076551,0.11864755188981072,0.015714366370922456,-0.04345288687931551,0.6849855170938765,0.6523246021746044,0.4320805911405682,1.0,0.6902021065178178,-0.5003796908553296,-0.24105850104430315,0.08163586764874312,0.0673443891542346,-0.04007681004694079,-0.49157032148635305
CO,0.06160069507766856,0.0478212054186365,0.05292037087421339,-0.020578312517029552,-0.04707695690797707,0.7850062363792475,0.6804040309275513,0.5402749001434087,0.6902021065178178,1.0,-0.32646153520343024,-0.3668983346668117,0.21555596321121798,-0.09812017606698997,-0.018428604118833174,-0.28488761486171976
O3,0.05220474964546063,0.0749667337717256,-0.09647833544492247,0.003657189214477381,0.2981610384775731,-0.16144752560800119,-0.13991433613222495,-0.20019291306093068,-0.5003796908553296,-0.32646153520343024,1.0,0.5890629893980431,-0.4242943490490421,0.29494413310386375,0.02509871855110437,0.34110008754930154
TEMP,-0.10778979534803396,-0.13722936292963656,0.13037663668413624,0.014323408373919964,0.14115825225350775,-0.12941529626164097,-0.11114683012807165,-0.35060803924002376,-0.24105850104430315,-0.3668983346668117,0.5890629893980431,1.0,-0.8271334117224679,0.8230986068826975,0.03660149497705881,0.037913392214737496
PRES,0.23694121246730288,0.23262604619910432,-0.005658107457888909,0.02253691580414414,-0.03761112671938978,-0.0057270967278044635,-0.035593878432669215,0.2039210653655372,0.08163586764874312,0.21555596321121798,-0.4242943490490421,-0.8271334117224679,1.0,-0.7763843487755914,-0.060402836527591756,0.07132206339841266
DEWP,-0.13323980213916775,-0.19732311108435563,0.2732361206503742,0.023425417638824605,-0.013428946762901366,0.12011151055065457,0.061666835522758645,-0.2825645223394125,0.0673443891542346,-0.09812017606698997,0.29494413310386375,0.8230986068826975,-0.7763843487755914,1.0,0.08078896546384899,-0.30506325887942376
RAIN,0.002220306550453172,-0.0010318420830605908,0.013497465354292684,-0.002490741163679966,0.011531117359848016,-0.014003923096780543,-0.02779470926951907,-0.04160876236197903,-0.04007681004694079,-0.018428604118833174,0.02509871855110437,0.03660149497705881,-0.060402836527591756,0.08078896546384899,1.0,0.022475153629974143
WSPM,0.09580623120340763,0.13369337800015774,-0.16132583104532552,-0.016706509752990546,0.15551502905837272,-0.278739596211302,-0.18313227912734442,-0.11311472605036554,-0.49157032148635305,-0.28488761486171976,0.34110008754930154,0.037913392214737496,0.07132206339841266,-0.30506325887942376,0.022475153629974143,1.0
