,No,year,month,day,hour,PM2.5,PM10,SO2,NO2,CO,O3,TEMP,PRES,DEWP,RAIN,wd,WSPM,station
count,35064.0,35064.0,35064.0,35064.0,35064.0,34139.0,34346.0,34129.0,34041.0,33288.0,33345.0,35044.0,35044.0,35044.0,35044.0,34983,35050.0,35064
unique,,,,,,,,,,,,,,,,16,,1
top,,,,,,,,,,,,,,,,NE,,Aotizhongxin
freq,,,,,,,,,,,,,,,,5140,,35064
mean,17532.5,2014.662559890486,6.522929500342231,15.729637234770705,11.5,82.77361082632765,110.06039131194318,17.37590140935861,59.30583318645163,1262.9451453977408,56.353358410556304,13.584607417568481,1011.8469198246013,3.1230624357950005,0.06742095651181372,,1.7084964336661912,
std,10122.24925597073,1.1772134318198135,3.4487523600478474,8.800217529431565,6.92228526242799,82.13569353763678,95.22300456267205,22.823016902748712,37.11619958015685,1221.4362363961875,57.91632664422597,11.399096949947065,10.40404657785133,13.688896009288912,0.9100559139821631,,1.2040710727929371,
min,1.0,2013.0,1.0,1.0,0.0,3.0,2.0,0.2856,2.0,100.0,0.2142,-16.8,985.9,-35.3,0.0,,0.0,
25%,8766.75,2014.0,4.0,8.0,5.75,22.0,38.0,3.0,30.0,500.0,8.0,3.1,1003.3,-8.1,0.0,,0.9,
50%,17532.5,2015.0,7.0,16.0,11.5,58.0,87.0,9.0,53.0,900.0,42.0,14.5,1011.4,3.8,0.0,,1.4,
75%,26298.25,2016.0,10.0,23.0,17.25,114.0,155.0,21.0,82.0,1500.0,82.0,23.3,1020.1,15.6,0.0,,2.2,
max,35064.0,2017.0,12.0,31.0,23.0,898.0,984.0,341.0,290.0,10000.0,423.0,40.5,1042.0,28.5,72.5,,11.2,
